{
  "creds": {
    "noiseKey": {
      "private": {
        "type": "Buffer",
        "data": "wIf/dFjSK6QMWa/v0l/K+DjFz95FNXbn6T8TTrP+F2w="
      },
      "public": {
        "type": "Buffer",
        "data": "z7yl3vTORAO6co+Ki5TqE1nPBDpaZhc+rMgAQIfuFH0="
      }
    },
    "signedIdentityKey": {
      "private": {
        "type": "Buffer",
        "data": "0EWtgE6Dv1y8jydkXwHfM0YDzxorAtmOoEv0of64elg="
      },
      "public": {
        "type": "Buffer",
        "data": "XtV4oQ9w2nsSPpWe4tUwN5zhjY7tdvAAL2QQBcYpzSY="
      }
    },
    "signedPreKey": {
      "keyPair": {
        "private": {
          "type": "Buffer",
          "data": "yOwAthTMJiVNEIvjRJRtfzUaRejqAo+FENEt0zHON2Q="
        },
        "public": {
          "type": "Buffer",
          "data": "niqeYrrIRILcjFGqhskPm3KuanuTTq4oIOK3xWzNOjE="
        }
      },
      "signature": {
        "type": "Buffer",
        "data": "m9f7s+N7Khgb2ndRInZKIvrUjKf7EWWoafTq96xPeYFMpnche/4Xxj8HRJMzUTUy3b2g/DKTAfvg0omKgBm+CQ=="
      },
      "keyId": 1
    },
    "registrationId": 252,
    "advSecretKey": "8yF3XaOFQisz9Fx0YiGHJ9nOQKSvJTcQyz+eyhzBVQs=",
    "nextPreKeyId": 31,
    "firstUnuploadedPreKeyId": 31,
    "serverHasPreKeys": true,
    "account": {
      "details": "CLemqe8BEP3i6pUGGAE=",
      "accountSignatureKey": "x8R8QTsXpn3M26RIgPY05LU0lDLYnzJRigCOT/rr4HQ=",
      "accountSignature": "1lViR+2wz/CRtZETIrZfSEZ+fBk8nwRUG3IhBGg/Cmw1iaH7IR0epczrOdeRt98F3+K2k5hBdGef34HUqZbzBg==",
      "deviceSignature": "hvvabKW1sUES2cJStssYYtsNLlryvXs4yewROa9YZZqdI4aK9cPWAWFHx8pD81B73/2P95t4OyNhbsN+jrx2AQ=="
    },
    "me": {
      "id": "923045759575:6@s.whatsapp.net",
      "verifiedName": "",
      "name": "Sweet"
    },
    "signalIdentities": [
      {
        "identifier": {
          "name": "923045759575:6@s.whatsapp.net",
          "deviceId": 0
        },
        "identifierKey": {
          "type": "Buffer",
          "data": "BcfEfEE7F6Z9zNukSID2NOS1NJQy2J8yUYoAjk/66+B0"
        }
      }
    ],
    "lastAccountSyncTimestamp": 1656402304,
    "myAppStateKeyId": "AAAAAJs7"
  },
  "keys": {
    "preKeys": {
      "1": {
        "private": {
          "type": "Buffer",
          "data": "eJg0/xLsALFYOd15U3zYht544tjvhMHsoethptPNN24="
        },
        "public": {
          "type": "Buffer",
          "data": "yhOWHmYl2bu9pWGLpyf62/qP7JKMMUF5/pr55oyaIjk="
        }
      },
      "2": null,
      "3": {
        "private": {
          "type": "Buffer",
          "data": "aLSiEsV0hRcYBKdre2AF/djmD6x3Z2TT5XW4nWcHXE0="
        },
        "public": {
          "type": "Buffer",
          "data": "UVV6SRqt9X0wOjB//T+Gb4A45LT+pzBT5nj9U/mv3iE="
        }
      },
      "4": {
        "private": {
          "type": "Buffer",
          "data": "sEk7mOgBP05/0QCFBQpTdsyRUYnUDADgRsq85sRQAWs="
        },
        "public": {
          "type": "Buffer",
          "data": "0FfL50j+eg0++AlRXsGQpF9qysvhtODjlcXCLe12vkk="
        }
      },
      "5": {
        "private": {
          "type": "Buffer",
          "data": "0GtLAUK3PnDSbi/iyWCyXSuBLU56MdNubVLQUcHxhE8="
        },
        "public": {
          "type": "Buffer",
          "data": "smdGdB9rZmmc6WIGM3WG/iYGxC4GhAUKlnbjm6pH3ko="
        }
      },
      "6": {
        "private": {
          "type": "Buffer",
          "data": "YCcLk/nz/zRRIth9v+ifsIC0G9vrDjJZOIy8BLO/oFc="
        },
        "public": {
          "type": "Buffer",
          "data": "wZnYQe4vIp8bd9baZdQZWxAWimDDN1ERy7N1JKSrHGc="
        }
      },
      "7": {
        "private": {
          "type": "Buffer",
          "data": "MBXo/iIOGdfISrARz8OwtGsJRtj2vFmsUOH9jMlo0WA="
        },
        "public": {
          "type": "Buffer",
          "data": "abKJ9qW0/QW7eP9C1gmDiiX3PQ7DgDCwC5WkwDpzg0Y="
        }
      },
      "8": {
        "private": {
          "type": "Buffer",
          "data": "YDjD35FZQzEnZlHEGEZfBzXK7ByXdl474oE0j9Cc5EE="
        },
        "public": {
          "type": "Buffer",
          "data": "vzVRriPTqnZTRjfQjoD1JKyL18L4Ap7tapH/9+SP9ho="
        }
      },
      "9": {
        "private": {
          "type": "Buffer",
          "data": "eM1vHiRl59ctGHM7kNllAAtrKvVVXfpjHvTf+je7fmg="
        },
        "public": {
          "type": "Buffer",
          "data": "EsFg5Ne+LWkEKWz+zZR8AHlW6QETbKv9k3u3VhomZHc="
        }
      },
      "10": {
        "private": {
          "type": "Buffer",
          "data": "GCAXO4hQiXgoheefvzB1A6Bql8kSmmk7MnHv5AHclUI="
        },
        "public": {
          "type": "Buffer",
          "data": "xf2llDYeX5i/DQgXs5MJCikl9TzJkLjIFauMRwzLU2w="
        }
      },
      "11": {
        "private": {
          "type": "Buffer",
          "data": "eEaKCViroQHIU7DZ5DWaAK9DzNkMDqZALlN3+YAxUWM="
        },
        "public": {
          "type": "Buffer",
          "data": "uOYmvA0xzMhMTPLkghKBFevVIP4n7Cha3UKbxROERi4="
        }
      },
      "12": {
        "private": {
          "type": "Buffer",
          "data": "AJTFq/iCYqkS7wlsCnZUG+YJvpy5HSKGAT4E0d6Fbkw="
        },
        "public": {
          "type": "Buffer",
          "data": "3eaNwy7Ejkdpb+hNcqUtxcwWffLWkehfmjWSKBtHiFA="
        }
      },
      "13": {
        "private": {
          "type": "Buffer",
          "data": "+My8tRhr3CqvNYud4qUP0p+JI992CtOKSSKTZtgtJkE="
        },
        "public": {
          "type": "Buffer",
          "data": "4Mek+rCgndOQxMfBiU+m7dIx1spERd2bM0N1YlCAKzc="
        }
      },
      "14": {
        "private": {
          "type": "Buffer",
          "data": "cHsb4r2PH5Haw9koON1c9ICeP9qJI0Ylc4lYvOaEsXo="
        },
        "public": {
          "type": "Buffer",
          "data": "2cqoZE06NuLXqlHzBQMj3OfYYXXTDlJnP1wiDvU+Zlg="
        }
      },
      "15": {
        "private": {
          "type": "Buffer",
          "data": "IJzZoH8y23JpBfsWO88OsROUgsr/EsyCKM/3KaiRmF0="
        },
        "public": {
          "type": "Buffer",
          "data": "dlo/vOmp6OGC8uNxOrgjYGXrZD85vkPSeM6oSklrkAo="
        }
      },
      "16": {
        "private": {
          "type": "Buffer",
          "data": "WGfTaWSAr0cVDYYIs9sHiSaoLRDZLX5/AdYI44jwP1M="
        },
        "public": {
          "type": "Buffer",
          "data": "UfjWu9HtChqCma0J3CQiOZJ9BIMzHAeI3fHFjQ0GUxQ="
        }
      },
      "17": {
        "private": {
          "type": "Buffer",
          "data": "eGg4Dk5NCss5PuA+chB1KiWrWG6dEtKrjShUFnbh3k4="
        },
        "public": {
          "type": "Buffer",
          "data": "YiBFz4BujCIdIl7ewUYcOJWNCzwvuSng3Hzy6xZbVlQ="
        }
      },
      "18": {
        "private": {
          "type": "Buffer",
          "data": "KIOK32d94XuFLUKrTRg4W5xgJ/9m7MQJQZdZ49lqU1U="
        },
        "public": {
          "type": "Buffer",
          "data": "wurkxK/JkYkjjO2vdI1ZGsbT9qqejqEJZIZ9D5ZSmg4="
        }
      },
      "19": {
        "private": {
          "type": "Buffer",
          "data": "wBmf7/mMxUV2lFVE3TwoG7D9qArlZYgHpkf8k0v4X1U="
        },
        "public": {
          "type": "Buffer",
          "data": "GCF6qqFEVsnyBiM1oIgR5a+z69ddllqc8cOWJYBsqFk="
        }
      },
      "20": {
        "private": {
          "type": "Buffer",
          "data": "COfCn6ty/k+9zy4qiheBR3wIq7GY5fMCl8Myo3/dHEw="
        },
        "public": {
          "type": "Buffer",
          "data": "N1FFMWCUWlZFUotL5b13PA5BwiLtlp26UtBVeERF9Co="
        }
      },
      "21": {
        "private": {
          "type": "Buffer",
          "data": "aG/zlLVymg2TpnFg7Z2KxbCSdp4jmdS/wD0/a4mX62s="
        },
        "public": {
          "type": "Buffer",
          "data": "IujHKwutUZIvrETrhwVaBVT+Ir20V0OICm803WSsSzc="
        }
      },
      "22": {
        "private": {
          "type": "Buffer",
          "data": "uLFhxkX+kKaVrURfsYOWj2TL+VwsMU/ssm0yOPjfFUU="
        },
        "public": {
          "type": "Buffer",
          "data": "slRs3x2obh76uvi3z6YrtUKixXSuexBY0vMdPg6nVjY="
        }
      },
      "23": {
        "private": {
          "type": "Buffer",
          "data": "WJyPSQoHfTnxIiUhZWxagUXZip+JmbpBUaBU5J5yam4="
        },
        "public": {
          "type": "Buffer",
          "data": "a7SAiGqdW2geRHYeyaEVn34RsyRSwg1VBP8gzGc1cBg="
        }
      },
      "24": {
        "private": {
          "type": "Buffer",
          "data": "uIQ1SfVX4FF39OBxmkf14pvgdvVfu6y43RT15QIqi0I="
        },
        "public": {
          "type": "Buffer",
          "data": "BHhd0YfdF9Hw1FXyN7vlMh01OwjDdPi8Fhv+Ovg2MT8="
        }
      },
      "25": {
        "private": {
          "type": "Buffer",
          "data": "IFJPxVXYZKowfseLZHV+9jIt2DucoVNDf6G/fyoc2W4="
        },
        "public": {
          "type": "Buffer",
          "data": "1VqzRPQlWz9g7DbLT0JrsAwtPOmM1fMa/AQc3wY88wQ="
        }
      },
      "26": {
        "private": {
          "type": "Buffer",
          "data": "2OI1xxWHzJTKfKJgENfAve0/z6BJ1GWV8m8zY10X13w="
        },
        "public": {
          "type": "Buffer",
          "data": "83mlUW9PNiSxhDy6sN8z0v7bqAJH7DZSHXO8/pH9dEw="
        }
      },
      "27": {
        "private": {
          "type": "Buffer",
          "data": "8Bb3b2TJCTzxooCunaBpX/zxWxtIqyB94JzT4UC3EG4="
        },
        "public": {
          "type": "Buffer",
          "data": "hW2Wf9vVsMCMiQwqaTJ0pwVUJaD8j+DJ9TUfkACQwkI="
        }
      },
      "28": {
        "private": {
          "type": "Buffer",
          "data": "yK9IkKE4N8yHtD+44DXT1uheSgT1PctReryAotzDtm8="
        },
        "public": {
          "type": "Buffer",
          "data": "NI5s+Af+J8h++tM1SK5axXPiY594luxwsuv8VKJErXo="
        }
      },
      "29": {
        "private": {
          "type": "Buffer",
          "data": "qLqtRpZZm+V2U8bjXe820J+94nW/g19u0jp/wk/M/EE="
        },
        "public": {
          "type": "Buffer",
          "data": "kFGAWsPQf2ChO7aIDXX2qGzSokHYMfhyb/Zw05aMikg="
        }
      },
      "30": {
        "private": {
          "type": "Buffer",
          "data": "YIRPdNLkGuuTOKjnGEyQjK7klOa4hHMKYaCiG1Dpf1A="
        },
        "public": {
          "type": "Buffer",
          "data": "ugN19RhWo4eHvPdPwP+Ip/Qy5KFDj66wF7vCNgtSS30="
        }
      }
    },
    "sessions": {
      "923045759575.0": {
        "_sessions": {
          "BdFbsI3nKsMNJjPSFRXinI8d9VotdD9PwJvOQtelmbVN": {
            "registrationId": 1505768063,
            "currentRatchet": {
              "ephemeralKeyPair": {
                "pubKey": "BStzydnkVwz55NYuHvuZTgD0NiHybVPXfGgo3rGFHwsT",
                "privKey": "iDXdQPrNzLYBC4KCwSsfHdL3oDGEYpqpoJcamzwx1Wg="
              },
              "lastRemoteEphemeralKey": "BeQ7cJn3ac/48UVY8h/gJLafIDoRkRaHNgg8EmxFcdFV",
              "previousCounter": 0,
              "rootKey": "Ez0sOMTdcWICBMYCO0ydjYKfn3Yn+aC1MPJ8W9fcq0U="
            },
            "indexInfo": {
              "baseKey": "BdFbsI3nKsMNJjPSFRXinI8d9VotdD9PwJvOQtelmbVN",
              "baseKeyType": 2,
              "closed": -1,
              "used": 1656402305571,
              "created": 1656402305571,
              "remoteIdentityKey": "BcfEfEE7F6Z9zNukSID2NOS1NJQy2J8yUYoAjk/66+B0"
            },
            "_chains": {
              "BeQ7cJn3ac/48UVY8h/gJLafIDoRkRaHNgg8EmxFcdFV": {
                "chainKey": {
                  "counter": 4,
                  "key": "/MgRqbo0c0eSlyBQQ2hCxF75CrdQDrquvn9XOSlXWm4="
                },
                "chainType": 2,
                "messageKeys": {}
              },
              "BStzydnkVwz55NYuHvuZTgD0NiHybVPXfGgo3rGFHwsT": {
                "chainKey": {
                  "counter": -1,
                  "key": "Vt3v77nISB67o8Xxh9ErJAELW93pOYitd3T3EECv/fs="
                },
                "chainType": 1,
                "messageKeys": {}
              }
            }
          }
        },
        "version": "v1"
      }
    },
    "appStateSyncKeys": {
      "AAAAAJtA": {
        "keyData": "eMi3p8coGvVWhk+EKCOnhGMHfUj3F4TJc2DftLWjrRk=",
        "fingerprint": {
          "rawId": 501895990,
          "currentIndex": 1,
          "deviceIndexes": [
            0,
            1
          ]
        },
        "timestamp": "0"
      },
      "AAAAAJs+": {
        "keyData": "qZJkgXp3sJYr151DtBYIFSwS3TLB2bEZRhavBg0EuzQ=",
        "fingerprint": {
          "rawId": 501895986,
          "currentIndex": 1,
          "deviceIndexes": [
            0
          ]
        },
        "timestamp": "1655661132833"
      },
      "AAAAAJs/": {
        "keyData": "b/RaXkAo9/06tgH6QtZtezU6VJoAbzF47IWxPcjytjQ=",
        "fingerprint": {
          "rawId": 501895989,
          "currentIndex": 1,
          "deviceIndexes": [
            0,
            1
          ]
        },
        "timestamp": "0"
      },
      "AAAAAJs8": {
        "keyData": "tkJDlc4F3H9hZM7We5eCcFOVgvUIhDBouCgEy7jUEF0=",
        "fingerprint": {
          "rawId": 501895985,
          "currentIndex": 1,
          "deviceIndexes": [
            0
          ]
        },
        "timestamp": "1655282565719"
      },
      "AAAAAJs9": {
        "keyData": "Q4FJmBTzKGCmURmQbuW92NxcP5tOKanOjPJHzavXGFY=",
        "fingerprint": {
          "rawId": 501895986,
          "currentIndex": 1,
          "deviceIndexes": [
            0,
            1
          ]
        },
        "timestamp": "0"
      },
      "AAAAAJs7": {
        "keyData": "obObtGPznELSjhTWoXOZFV9q4iVKSmA0HtHbyDNKwH8=",
        "fingerprint": {
          "rawId": 501895985,
          "currentIndex": 1,
          "deviceIndexes": [
            0,
            1
          ]
        },
        "timestamp": "0"
      }
    }
  }
}